id,category,duration,Type d'objectif,goal,status,original_start_date,original_end_date_raw,start_date,original_end_date,end_date
191347,food-and-agriculture,60.0,amount,5000.0,failed,2023-06-30T12:23:13,2023-08-29T21:59:59,2023-06-30 12:23:13+00:00,2023-08-29 21:59:59+00:00,2023-08-29 21:59:59+00:00
204086,craft,60.0,amount,3250.0,failed,2023-05-19T16:29:30,2023-07-18T21:59:59,2023-05-19 16:29:30+00:00,2023-07-18 21:59:59+00:00,2023-07-18 21:59:59+00:00
218391,art,30.0,amount,3000.0,successful,2023-06-24T19:28:23,2023-07-24T21:59:59,2023-06-24 19:28:23+00:00,2023-07-24 21:59:59+00:00,2023-07-24 21:59:59+00:00
241321,art,103.0,amount,4400.0,successful,2021-11-24T09:09:25,2024-01-17T17:24:49,2021-11-24 09:09:25+00:00,2024-01-17 17:24:49+00:00,2024-01-17 17:24:49+00:00
245269,food-and-agriculture,45.0,amount,10000.0,failed,2023-06-08T22:06:48,2023-07-24T21:59:59,2023-06-08 22:06:48+00:00,2023-07-24 21:59:59+00:00,2023-07-24 21:59:59+00:00
246110,cityzenship-and-solidarity,45.0,amount,5000.0,successful,2023-05-30T16:35:32,2023-07-14T21:59:59,2023-05-30 16:35:32+00:00,2023-07-14 21:59:59+00:00,2023-07-14 21:59:59+00:00
251866,film-and-video,44.0,amount,7500.0,successful,2023-05-24T09:53:04,2023-07-07T21:59:59,2023-05-24 09:53:04+00:00,2023-07-07 21:59:59+00:00,2023-07-07 21:59:59+00:00
256701,film-and-video,40.0,amount,6000.0,failed,2023-06-07T07:21:01,2023-07-17T21:59:59,2023-06-07 07:21:01+00:00,2023-07-17 21:59:59+00:00,2023-07-17 21:59:59+00:00
263133,music,50.0,amount,5000.0,successful,2023-06-20T07:16:55,2023-08-09T21:59:59,2023-06-20 07:16:55+00:00,2023-08-09 21:59:59+00:00,2023-08-09 21:59:59+00:00
269715,film-and-video,155.0,amount,5000.0,failed,2023-06-08T14:25:18,2023-11-10T22:59:59,2023-06-08 14:25:18+00:00,2023-11-10 22:59:59+00:00,2023-11-10 22:59:59+00:00
269938,well-being-and-health,60.0,amount,15000.0,failed,2023-05-20T08:22:52,2023-07-19T21:59:59,2023-05-20 08:22:52+00:00,2023-07-19 21:59:59+00:00,2023-07-19 21:59:59+00:00
270949,games,41.0,amount,55000.0,successful,2023-06-20T20:41:48,2023-07-31T21:59:59,2023-06-20 20:41:48+00:00,2023-07-31 21:59:59+00:00,2023-07-31 21:59:59+00:00
271396,film-and-video,77.0,amount,16500.0,successful,2023-04-23T07:26:54,2023-07-09T21:59:59,2023-04-23 07:26:54+00:00,2023-07-09 21:59:59+00:00,2023-07-09 21:59:59+00:00
270912,web-and-tech,45.0,amount,2000.0,successful,2023-05-26T08:52:17,2023-07-10T21:59:59,2023-05-26 08:52:17+00:00,2023-07-10 21:59:59+00:00,2023-07-10 21:59:59+00:00
274771,adventure-and-sport,93.0,amount,6000.0,successful,2023-06-26T22:09:25,2023-09-28T21:59:59,2023-06-26 22:09:25+00:00,2023-09-28 21:59:59+00:00,2023-09-28 21:59:59+00:00
274844,well-being-and-health,80.0,amount,20000.0,successful,2023-06-26T13:46:08,2023-09-14T21:59:59,2023-06-26 13:46:08+00:00,2023-09-14 21:59:59+00:00,2023-09-14 21:59:59+00:00
275261,food-and-agriculture,85.0,amount,5000.0,successful,2023-05-16T08:33:58,2023-08-09T21:59:59,2023-05-16 08:33:58+00:00,2023-08-09 21:59:59+00:00,2023-08-09 21:59:59+00:00
275413,music,36.0,amount,15000.0,successful,2023-06-02T08:52:20,2023-07-08T21:59:59,2023-06-02 08:52:20+00:00,2023-07-08 21:59:59+00:00,2023-07-08 21:59:59+00:00
272901,music,45.0,amount,1000.0,successful,2023-05-24T16:11:08,2023-07-08T21:59:59,2023-05-24 16:11:08+00:00,2023-07-08 21:59:59+00:00,2023-07-08 21:59:59+00:00
273243,live-performance,31.0,amount,8000.0,failed,2023-06-01T09:37:17,2023-07-02T21:59:59,2023-06-01 09:37:17+00:00,2023-07-02 21:59:59+00:00,2023-07-02 21:59:59+00:00
275593,food-and-agriculture,60.0,amount,15000.0,successful,2023-05-03T05:59:21,2023-07-02T21:59:59,2023-05-03 05:59:21+00:00,2023-07-02 21:59:59+00:00,2023-07-02 21:59:59+00:00
276015,food-and-agriculture,49.0,amount,3800.0,successful,2023-05-17T23:03:00,2023-07-06T21:59:59,2023-05-17 23:03:00+00:00,2023-07-06 21:59:59+00:00,2023-07-06 21:59:59+00:00
276241,craft,60.0,amount,3200.0,successful,2023-06-05T18:11:46,2023-08-04T21:59:59,2023-06-05 18:11:46+00:00,2023-08-04 21:59:59+00:00,2023-08-04 21:59:59+00:00
276484,journalism,50.0,amount,5000.0,successful,2023-06-28T09:50:52,2023-08-17T21:59:59,2023-06-28 09:50:52+00:00,2023-08-17 21:59:59+00:00,2023-08-17 21:59:59+00:00
273719,patrimony,60.0,amount,15000.0,failed,2023-05-16T15:19:18,2023-07-15T21:59:59,2023-05-16 15:19:18+00:00,2023-07-15 21:59:59+00:00,2023-07-15 21:59:59+00:00
277090,patrimony,35.0,amount,10000.0,failed,2023-05-30T16:04:32,2023-07-04T21:59:59,2023-05-30 16:04:32+00:00,2023-07-04 21:59:59+00:00,2023-07-04 21:59:59+00:00
277603,craft,35.0,amount,10000.0,successful,2023-05-29T07:24:55,2023-07-03T21:59:59,2023-05-29 07:24:55+00:00,2023-07-03 21:59:59+00:00,2023-07-03 21:59:59+00:00
277700,music,60.0,amount,700.0,failed,2023-05-15T13:34:20,2023-07-14T21:59:59,2023-05-15 13:34:20+00:00,2023-07-14 21:59:59+00:00,2023-07-14 21:59:59+00:00
277803,web-and-tech,50.0,amount,18000.0,failed,2023-06-20T13:41:22,2023-08-09T21:59:59,2023-06-20 13:41:22+00:00,2023-08-09 21:59:59+00:00,2023-08-09 21:59:59+00:00
277989,well-being-and-health,50.0,amount,3500.0,successful,2023-05-15T16:09:25,2023-07-04T21:59:59,2023-05-15 16:09:25+00:00,2023-07-04 21:59:59+00:00,2023-07-04 21:59:59+00:00
278396,music,40.0,amount,2500.0,successful,2023-06-30T05:35:48,2023-08-09T21:59:59,2023-06-30 05:35:48+00:00,2023-08-09 21:59:59+00:00,2023-08-09 21:59:59+00:00
275962,art,60.0,amount,10000.0,failed,2023-05-31T09:29:03,2023-07-30T21:59:59,2023-05-31 09:29:03+00:00,2023-07-30 21:59:59+00:00,2023-07-30 21:59:59+00:00
279040,live-performance,60.0,amount,8000.0,successful,2023-06-30T09:04:32,2023-08-29T21:59:59,2023-06-30 09:04:32+00:00,2023-08-29 21:59:59+00:00,2023-08-29 21:59:59+00:00
279881,cityzenship-and-solidarity,60.0,amount,1200.0,successful,2023-05-14T20:09:30,2023-07-13T21:59:59,2023-05-14 20:09:30+00:00,2023-07-13 21:59:59+00:00,2023-07-13 21:59:59+00:00
279940,cityzenship-and-solidarity,74.0,amount,20000.0,successful,2023-04-20T08:39:09,2023-07-03T21:59:59,2023-04-20 08:39:09+00:00,2023-07-03 21:59:59+00:00,2023-07-03 21:59:59+00:00
280001,music,35.0,amount,17500.0,successful,2023-05-30T04:07:45,2023-07-04T21:59:59,2023-05-30 04:07:45+00:00,2023-07-04 21:59:59+00:00,2023-07-04 21:59:59+00:00
280294,cityzenship-and-solidarity,60.0,amount,2500.0,successful,2023-05-09T15:52:35,2023-07-08T21:59:59,2023-05-09 15:52:35+00:00,2023-07-08 21:59:59+00:00,2023-07-08 21:59:59+00:00
276988,web-and-tech,62.0,amount,3000.0,successful,2023-05-16T09:56:32,2023-07-17T21:59:59,2023-05-16 09:56:32+00:00,2023-07-17 21:59:59+00:00,2023-07-17 21:59:59+00:00
277170,food-and-agriculture,35.0,amount,6000.0,successful,2023-06-14T07:15:26,2023-07-19T21:59:59,2023-06-14 07:15:26+00:00,2023-07-19 21:59:59+00:00,2023-07-19 21:59:59+00:00
277645,music,40.0,amount,3000.0,successful,2023-06-22T13:42:29,2023-08-01T21:59:59,2023-06-22 13:42:29+00:00,2023-08-01 21:59:59+00:00,2023-08-01 21:59:59+00:00
277889,games,52.0,amount,4000.0,successful,2023-05-16T10:51:14,2023-07-07T21:59:59,2023-05-16 10:51:14+00:00,2023-07-07 21:59:59+00:00,2023-07-07 21:59:59+00:00
278288,food-and-agriculture,62.0,amount,1000.0,successful,2023-05-16T16:30:50,2023-07-17T21:59:59,2023-05-16 16:30:50+00:00,2023-07-17 21:59:59+00:00,2023-07-17 21:59:59+00:00
278295,cityzenship-and-solidarity,55.0,amount,4000.0,successful,2023-05-16T13:58:43,2023-07-10T21:59:59,2023-05-16 13:58:43+00:00,2023-07-10 21:59:59+00:00,2023-07-10 21:59:59+00:00
278302,cityzenship-and-solidarity,60.0,amount,2800.0,successful,2023-05-16T14:47:11,2023-07-15T21:59:59,2023-05-16 14:47:11+00:00,2023-07-15 21:59:59+00:00,2023-07-15 21:59:59+00:00
278490,well-being-and-health,98.0,amount,3000.0,successful,2023-05-16T15:00:11,2023-08-22T21:59:59,2023-05-16 15:00:11+00:00,2023-08-22 21:59:59+00:00,2023-08-22 21:59:59+00:00
280810,film-and-video,80.0,amount,9000.0,successful,2023-06-06T06:40:02,2023-08-25T21:59:59,2023-06-06 06:40:02+00:00,2023-08-25 21:59:59+00:00,2023-08-25 21:59:59+00:00
280885,cartoon,50.0,amount,6000.0,successful,2023-06-01T08:25:43,2023-07-21T21:59:59,2023-06-01 08:25:43+00:00,2023-07-21 21:59:59+00:00,2023-07-21 21:59:59+00:00
281237,cartoon,119.0,amount,15000.0,successful,2023-04-20T23:51:37,2023-08-18T21:59:59,2023-04-20 23:51:37+00:00,2023-08-18 21:59:59+00:00,2023-08-18 21:59:59+00:00
281248,music,55.0,amount,9000.0,successful,2023-05-22T10:13:28,2023-07-16T21:59:59,2023-05-22 10:13:28+00:00,2023-07-16 21:59:59+00:00,2023-07-16 21:59:59+00:00
282182,live-performance,60.0,amount,3000.0,successful,2023-06-03T15:46:51,2023-08-02T21:59:59,2023-06-03 15:46:51+00:00,2023-08-02 21:59:59+00:00,2023-08-02 21:59:59+00:00
282189,music,37.0,amount,3000.0,successful,2023-06-08T21:06:27,2023-07-15T21:59:59,2023-06-08 21:06:27+00:00,2023-07-15 21:59:59+00:00,2023-07-15 21:59:59+00:00
282201,craft,72.0,amount,6500.0,successful,2023-04-25T09:39:51,2023-07-06T21:59:59,2023-04-25 09:39:51+00:00,2023-07-06 21:59:59+00:00,2023-07-06 21:59:59+00:00
282244,cityzenship-and-solidarity,35.0,amount,1500.0,successful,2023-06-23T09:27:01,2023-07-28T21:59:59,2023-06-23 09:27:01+00:00,2023-07-28 21:59:59+00:00,2023-07-28 21:59:59+00:00
282327,food-and-agriculture,50.0,amount,12000.0,successful,2023-05-29T13:01:12,2023-07-18T21:59:59,2023-05-29 13:01:12+00:00,2023-07-18 21:59:59+00:00,2023-07-18 21:59:59+00:00
282463,food-and-agriculture,35.0,amount,5000.0,successful,2023-06-19T13:01:02,2023-07-24T21:59:59,2023-06-19 13:01:02+00:00,2023-07-24 21:59:59+00:00,2023-07-24 21:59:59+00:00
278722,music,115.0,amount,10000.0,successful,2023-03-13T07:45:29,2023-07-06T21:59:59,2023-03-13 07:45:29+00:00,2023-07-06 21:59:59+00:00,2023-07-06 21:59:59+00:00
278845,food-and-agriculture,90.0,amount,8000.0,successful,2023-05-27T18:07:11,2023-08-25T21:59:59,2023-05-27 18:07:11+00:00,2023-08-25 21:59:59+00:00,2023-08-25 21:59:59+00:00
278957,film-and-video,60.0,amount,5000.0,failed,2023-05-30T13:31:54,2023-07-29T21:59:59,2023-05-30 13:31:54+00:00,2023-07-29 21:59:59+00:00,2023-07-29 21:59:59+00:00
279416,food-and-agriculture,80.0,amount,5000.0,successful,2023-05-22T21:27:10,2023-08-10T21:59:59,2023-05-22 21:27:10+00:00,2023-08-10 21:59:59+00:00,2023-08-10 21:59:59+00:00
279609,cityzenship-and-solidarity,38.0,amount,8500.0,successful,2023-06-01T17:08:02,2023-07-09T21:59:59,2023-06-01 17:08:02+00:00,2023-07-09 21:59:59+00:00,2023-07-09 21:59:59+00:00
279629,music,60.0,amount,7500.0,successful,2023-06-03T10:16:24,2023-08-02T21:59:59,2023-06-03 10:16:24+00:00,2023-08-02 21:59:59+00:00,2023-08-02 21:59:59+00:00
279907,music,60.0,amount,6000.0,failed,2023-05-09T07:30:26,2023-07-08T21:59:59,2023-05-09 07:30:26+00:00,2023-07-08 21:59:59+00:00,2023-07-08 21:59:59+00:00
279976,art,45.0,amount,30000.0,failed,2023-06-06T13:51:09,2023-07-21T21:59:59,2023-06-06 13:51:09+00:00,2023-07-21 21:59:59+00:00,2023-07-21 21:59:59+00:00
280254,film-and-video,60.0,amount,5000.0,failed,2023-06-19T16:26:06,2023-08-18T21:59:59,2023-06-19 16:26:06+00:00,2023-08-18 21:59:59+00:00,2023-08-18 21:59:59+00:00
280265,adventure-and-sport,60.0,amount,5000.0,failed,2023-05-15T11:29:15,2023-07-14T21:59:59,2023-05-15 11:29:15+00:00,2023-07-14 21:59:59+00:00,2023-07-14 21:59:59+00:00
282496,craft,40.0,amount,15000.0,successful,2023-06-02T13:47:38,2023-07-12T21:59:59,2023-06-02 13:47:38+00:00,2023-07-12 21:59:59+00:00,2023-07-12 21:59:59+00:00
282516,games,40.0,amount,12000.0,failed,2023-05-24T15:54:43,2023-07-03T21:59:59,2023-05-24 15:54:43+00:00,2023-07-03 21:59:59+00:00,2023-07-03 21:59:59+00:00
282707,cityzenship-and-solidarity,60.0,amount,2000.0,successful,2023-05-30T11:35:10,2023-07-29T21:59:59,2023-05-30 11:35:10+00:00,2023-07-29 21:59:59+00:00,2023-07-29 21:59:59+00:00
282786,craft,35.0,amount,7000.0,failed,2023-06-05T15:15:48,2023-07-10T21:59:59,2023-06-05 15:15:48+00:00,2023-07-10 21:59:59+00:00,2023-07-10 21:59:59+00:00
282968,cityzenship-and-solidarity,60.0,amount,4500.0,successful,2023-06-13T13:07:31,2023-08-12T21:59:59,2023-06-13 13:07:31+00:00,2023-08-12 21:59:59+00:00,2023-08-12 21:59:59+00:00
283132,web-and-tech,52.0,amount,30000.0,failed,2023-05-25T12:31:57,2023-07-16T21:59:59,2023-05-25 12:31:57+00:00,2023-07-16 21:59:59+00:00,2023-07-16 21:59:59+00:00
283291,food-and-agriculture,50.0,amount,2000.0,successful,2023-06-08T09:02:25,2023-07-28T21:59:59,2023-06-08 09:02:25+00:00,2023-07-28 21:59:59+00:00,2023-07-28 21:59:59+00:00
283459,music,30.0,amount,5000.0,successful,2023-06-16T06:40:43,2023-07-16T21:59:59,2023-06-16 06:40:43+00:00,2023-07-16 21:59:59+00:00,2023-07-16 21:59:59+00:00
283589,music,41.0,amount,5000.0,successful,2023-06-01T08:54:36,2023-07-12T21:59:59,2023-06-01 08:54:36+00:00,2023-07-12 21:59:59+00:00,2023-07-12 21:59:59+00:00
283892,food-and-agriculture,40.0,amount,7000.0,successful,2023-05-25T09:41:36,2023-07-04T21:59:59,2023-05-25 09:41:36+00:00,2023-07-04 21:59:59+00:00,2023-07-04 21:59:59+00:00
283986,games,30.0,amount,10000.0,failed,2023-06-02T09:40:57,2023-07-02T21:59:59,2023-06-02 09:40:57+00:00,2023-07-02 21:59:59+00:00,2023-07-02 21:59:59+00:00
284294,book-and-publishing,30.0,amount,4000.0,failed,2023-06-07T15:57:22,2023-07-07T21:59:59,2023-06-07 15:57:22+00:00,2023-07-07 21:59:59+00:00,2023-07-07 21:59:59+00:00
284412,music,40.0,amount,4000.0,successful,2023-06-05T15:06:32,2023-07-15T21:59:59,2023-06-05 15:06:32+00:00,2023-07-15 21:59:59+00:00,2023-07-15 21:59:59+00:00
280911,patrimony,122.0,amount,3000.0,successful,2023-05-10T12:47:11,2023-09-09T21:59:59,2023-05-10 12:47:11+00:00,2023-09-09 21:59:59+00:00,2023-09-09 21:59:59+00:00
280959,film-and-video,76.0,amount,8000.0,successful,2023-06-19T14:03:46,2023-09-03T21:59:59,2023-06-19 14:03:46+00:00,2023-09-03 21:59:59+00:00,2023-09-03 21:59:59+00:00
281336,book-and-publishing,35.0,amount,1500.0,successful,2023-05-31T10:27:51,2023-07-05T21:59:59,2023-05-31 10:27:51+00:00,2023-07-05 21:59:59+00:00,2023-07-05 21:59:59+00:00
281544,food-and-agriculture,31.0,amount,5000.0,successful,2023-06-28T14:58:30,2023-07-29T21:59:59,2023-06-28 14:58:30+00:00,2023-07-29 21:59:59+00:00,2023-07-29 21:59:59+00:00
281754,music,82.0,amount,5000.0,successful,2023-06-13T15:08:24,2023-09-03T21:59:59,2023-06-13 15:08:24+00:00,2023-09-03 21:59:59+00:00,2023-09-03 21:59:59+00:00
281891,journalism,142.0,amount,20000.0,successful,2023-05-11T15:22:21,2023-09-30T21:59:59,2023-05-11 15:22:21+00:00,2023-09-30 21:59:59+00:00,2023-09-30 21:59:59+00:00
282230,art,50.0,amount,7500.0,successful,2023-06-21T12:56:52,2023-08-10T21:59:59,2023-06-21 12:56:52+00:00,2023-08-10 21:59:59+00:00,2023-08-10 21:59:59+00:00
282338,book-and-publishing,40.0,amount,5000.0,successful,2023-05-26T12:42:28,2023-07-05T21:59:59,2023-05-26 12:42:28+00:00,2023-07-05 21:59:59+00:00,2023-07-05 21:59:59+00:00
284638,film-and-video,60.0,amount,1000.0,successful,2023-05-14T12:46:39,2023-07-13T21:59:59,2023-05-14 12:46:39+00:00,2023-07-13 21:59:59+00:00,2023-07-13 21:59:59+00:00
284776,music,50.0,amount,2000.0,successful,2023-05-12T09:36:40,2023-07-01T21:59:59,2023-05-12 09:36:40+00:00,2023-07-01 21:59:59+00:00,2023-07-01 21:59:59+00:00
284793,well-being-and-health,60.0,amount,19000.0,successful,2023-05-12T12:32:21,2023-07-11T21:59:59,2023-05-12 12:32:21+00:00,2023-07-11 21:59:59+00:00,2023-07-11 21:59:59+00:00
284794,cityzenship-and-solidarity,60.0,amount,2000.0,failed,2023-05-18T07:18:12,2023-07-17T21:59:59,2023-05-18 07:18:12+00:00,2023-07-17 21:59:59+00:00,2023-07-17 21:59:59+00:00
284844,music,30.0,amount,4500.0,successful,2023-06-02T16:32:58,2023-07-02T21:59:59,2023-06-02 16:32:58+00:00,2023-07-02 21:59:59+00:00,2023-07-02 21:59:59+00:00
284920,film-and-video,60.0,amount,3000.0,successful,2023-06-13T09:43:03,2023-08-12T21:59:59,2023-06-13 09:43:03+00:00,2023-08-12 21:59:59+00:00,2023-08-12 21:59:59+00:00
284927,book-and-publishing,90.0,amount,7500.0,successful,2023-06-15T06:19:37,2023-09-13T21:59:59,2023-06-15 06:19:37+00:00,2023-09-13 21:59:59+00:00,2023-09-13 21:59:59+00:00
285203,cityzenship-and-solidarity,60.0,amount,3000.0,successful,2023-06-05T19:05:30,2023-08-04T21:59:59,2023-06-05 19:05:30+00:00,2023-08-04 21:59:59+00:00,2023-08-04 21:59:59+00:00
285387,food-and-agriculture,102.0,amount,30000.0,successful,2023-05-31T16:21:38,2023-09-10T21:59:59,2023-05-31 16:21:38+00:00,2023-09-10 21:59:59+00:00,2023-09-10 21:59:59+00:00
285449,film-and-video,45.0,amount,3200.0,successful,2023-06-06T13:10:08,2023-07-21T21:59:59,2023-06-06 13:10:08+00:00,2023-07-21 21:59:59+00:00,2023-07-21 21:59:59+00:00
285515,art,60.0,amount,700.0,failed,2023-05-10T09:38:27,2023-07-09T21:59:59,2023-05-10 09:38:27+00:00,2023-07-09 21:59:59+00:00,2023-07-09 21:59:59+00:00
285574,music,40.0,amount,10000.0,successful,2023-06-16T08:39:02,2023-07-26T21:59:59,2023-06-16 08:39:02+00:00,2023-07-26 21:59:59+00:00,2023-07-26 21:59:59+00:00
285664,craft,40.0,amount,7000.0,successful,2023-06-09T06:48:14,2023-07-19T21:59:59,2023-06-09 06:48:14+00:00,2023-07-19 21:59:59+00:00,2023-07-19 21:59:59+00:00
285718,craft,60.0,amount,5000.0,successful,2023-05-15T12:46:44,2023-07-14T21:59:59,2023-05-15 12:46:44+00:00,2023-07-14 21:59:59+00:00,2023-07-14 21:59:59+00:00
285749,film-and-video,50.0,amount,5600.0,failed,2023-06-26T05:52:55,2023-08-15T21:59:59,2023-06-26 05:52:55+00:00,2023-08-15 21:59:59+00:00,2023-08-15 21:59:59+00:00
285797,book-and-publishing,50.0,amount,5000.0,successful,2023-05-25T14:15:42,2023-07-14T21:59:59,2023-05-25 14:15:42+00:00,2023-07-14 21:59:59+00:00,2023-07-14 21:59:59+00:00
285818,design-and-innovation,30.0,amount,3000.0,successful,2023-06-01T09:36:36,2023-07-01T21:59:59,2023-06-01 09:36:36+00:00,2023-07-01 21:59:59+00:00,2023-07-01 21:59:59+00:00
285867,games,60.0,amount,50.0,failed,2023-05-15T11:58:49,2023-07-14T21:59:59,2023-05-15 11:58:49+00:00,2023-07-14 21:59:59+00:00,2023-07-14 21:59:59+00:00
285900,music,60.0,amount,4320.0,successful,2023-05-30T17:00:25,2023-07-29T21:59:59,2023-05-30 17:00:25+00:00,2023-07-29 21:59:59+00:00,2023-07-29 21:59:59+00:00
285976,book-and-publishing,60.0,amount,1000.0,successful,2023-05-17T13:17:00,2023-07-16T21:59:59,2023-05-17 13:17:00+00:00,2023-07-16 21:59:59+00:00,2023-07-16 21:59:59+00:00
286051,cityzenship-and-solidarity,50.0,amount,700.0,successful,2023-05-17T14:50:09,2023-07-06T21:59:59,2023-05-17 14:50:09+00:00,2023-07-06 21:59:59+00:00,2023-07-06 21:59:59+00:00
286073,music,60.0,amount,3800.0,failed,2023-05-19T07:37:48,2023-07-18T21:59:59,2023-05-19 07:37:48+00:00,2023-07-18 21:59:59+00:00,2023-07-18 21:59:59+00:00
286080,design-and-innovation,45.0,amount,1000.0,failed,2023-06-12T14:01:09,2023-07-27T21:59:59,2023-06-12 14:01:09+00:00,2023-07-27 21:59:59+00:00,2023-07-27 21:59:59+00:00
286130,food-and-agriculture,41.0,amount,10000.0,failed,2023-05-25T18:23:20,2023-07-05T21:59:59,2023-05-25 18:23:20+00:00,2023-07-05 21:59:59+00:00,2023-07-05 21:59:59+00:00
286176,film-and-video,35.0,amount,4000.0,successful,2023-06-05T12:21:11,2023-07-10T21:59:59,2023-06-05 12:21:11+00:00,2023-07-10 21:59:59+00:00,2023-07-10 21:59:59+00:00
286191,music,60.0,amount,5000.0,successful,2023-05-27T07:04:15,2023-07-26T21:59:59,2023-05-27 07:04:15+00:00,2023-07-26 21:59:59+00:00,2023-07-26 21:59:59+00:00
286222,well-being-and-health,60.0,amount,20000.0,failed,2023-06-20T05:56:54,2023-08-19T21:59:59,2023-06-20 05:56:54+00:00,2023-08-19 21:59:59+00:00,2023-08-19 21:59:59+00:00
286225,cityzenship-and-solidarity,105.0,amount,20000.0,successful,2023-06-15T15:34:42,2023-09-28T21:59:59,2023-06-15 15:34:42+00:00,2023-09-28 21:59:59+00:00,2023-09-28 21:59:59+00:00
282364,craft,60.0,amount,5000.0,successful,2023-06-22T14:18:30,2023-08-21T21:59:59,2023-06-22 14:18:30+00:00,2023-08-21 21:59:59+00:00,2023-08-21 21:59:59+00:00
282738,food-and-agriculture,55.0,amount,4000.0,successful,2023-05-09T15:19:02,2023-07-03T21:59:59,2023-05-09 15:19:02+00:00,2023-07-03 21:59:59+00:00,2023-07-03 21:59:59+00:00
282912,design-and-innovation,60.0,amount,500.0,successful,2023-05-02T13:14:09,2023-07-01T21:59:59,2023-05-02 13:14:09+00:00,2023-07-01 21:59:59+00:00,2023-07-01 21:59:59+00:00
283033,journalism,40.0,amount,30000.0,successful,2023-05-30T17:03:01,2023-07-09T21:59:59,2023-05-30 17:03:01+00:00,2023-07-09 21:59:59+00:00,2023-07-09 21:59:59+00:00
283039,adventure-and-sport,30.0,amount,1000.0,failed,2023-06-19T16:25:18,2023-07-19T21:59:59,2023-06-19 16:25:18+00:00,2023-07-19 21:59:59+00:00,2023-07-19 21:59:59+00:00
283060,craft,40.0,amount,4500.0,successful,2023-06-22T09:11:50,2023-08-01T21:59:59,2023-06-22 09:11:50+00:00,2023-08-01 21:59:59+00:00,2023-08-01 21:59:59+00:00
283385,cityzenship-and-solidarity,40.0,amount,5000.0,failed,2023-06-13T07:49:24,2023-07-23T21:59:59,2023-06-13 07:49:24+00:00,2023-07-23 21:59:59+00:00,2023-07-23 21:59:59+00:00
283457,art,60.0,amount,10000.0,successful,2023-05-22T20:43:03,2023-07-21T21:59:59,2023-05-22 20:43:03+00:00,2023-07-21 21:59:59+00:00,2023-07-21 21:59:59+00:00
283796,art,40.0,amount,1500.0,failed,2023-06-13T16:04:53,2023-07-23T21:59:59,2023-06-13 16:04:53+00:00,2023-07-23 21:59:59+00:00,2023-07-23 21:59:59+00:00
283936,cityzenship-and-solidarity,60.0,amount,3500.0,failed,2023-05-04T07:38:07,2023-07-03T21:59:59,2023-05-04 07:38:07+00:00,2023-07-03 21:59:59+00:00,2023-07-03 21:59:59+00:00
283995,art,35.0,amount,8000.0,successful,2023-06-05T09:37:42,2023-07-10T21:59:59,2023-06-05 09:37:42+00:00,2023-07-10 21:59:59+00:00,2023-07-10 21:59:59+00:00
284105,art,60.0,amount,500.0,successful,2023-06-05T16:42:19,2023-08-04T21:59:59,2023-06-05 16:42:19+00:00,2023-08-04 21:59:59+00:00,2023-08-04 21:59:59+00:00
286321,adventure-and-sport,60.0,amount,2000.0,failed,2023-06-01T09:55:26,2023-07-31T21:59:59,2023-06-01 09:55:26+00:00,2023-07-31 21:59:59+00:00,2023-07-31 21:59:59+00:00
286457,music,40.0,amount,1800.0,failed,2023-05-30T10:52:01,2023-07-09T21:59:59,2023-05-30 10:52:01+00:00,2023-07-09 21:59:59+00:00,2023-07-09 21:59:59+00:00
286544,film-and-video,50.0,amount,3000.0,successful,2023-06-07T11:46:56,2023-07-27T21:59:59,2023-06-07 11:46:56+00:00,2023-07-27 21:59:59+00:00,2023-07-27 21:59:59+00:00
286545,music,45.0,amount,2000.0,successful,2023-06-02T11:36:10,2023-07-17T21:59:59,2023-06-02 11:36:10+00:00,2023-07-17 21:59:59+00:00,2023-07-17 21:59:59+00:00
286612,adventure-and-sport,35.0,amount,500.0,failed,2023-06-01T18:57:07,2023-07-06T21:59:59,2023-06-01 18:57:07+00:00,2023-07-06 21:59:59+00:00,2023-07-06 21:59:59+00:00
286670,cityzenship-and-solidarity,34.0,amount,1700.0,successful,2023-05-31T07:19:35,2023-07-04T21:59:59,2023-05-31 07:19:35+00:00,2023-07-04 21:59:59+00:00,2023-07-04 21:59:59+00:00
286716,cityzenship-and-solidarity,35.0,amount,1000.0,failed,2023-06-19T10:56:44,2023-07-24T21:59:59,2023-06-19 10:56:44+00:00,2023-07-24 21:59:59+00:00,2023-07-24 21:59:59+00:00
286723,live-performance,60.0,amount,2000.0,failed,2023-06-21T14:17:06,2023-08-20T21:59:59,2023-06-21 14:17:06+00:00,2023-08-20 21:59:59+00:00,2023-08-20 21:59:59+00:00
286752,cartoon,154.0,amount,10000.0,successful,2023-06-20T10:00:34,2023-11-21T22:59:59,2023-06-20 10:00:34+00:00,2023-11-21 22:59:59+00:00,2023-11-21 22:59:59+00:00
286777,cityzenship-and-solidarity,77.0,amount,10000.0,successful,2023-06-04T18:20:25,2023-08-20T21:59:59,2023-06-04 18:20:25+00:00,2023-08-20 21:59:59+00:00,2023-08-20 21:59:59+00:00
286809,book-and-publishing,41.0,amount,15000.0,successful,2023-06-02T06:30:49,2023-07-13T21:59:59,2023-06-02 06:30:49+00:00,2023-07-13 21:59:59+00:00,2023-07-13 21:59:59+00:00
286853,cityzenship-and-solidarity,60.0,amount,20.0,successful,2023-05-26T17:10:57,2023-07-25T21:59:59,2023-05-26 17:10:57+00:00,2023-07-25 21:59:59+00:00,2023-07-25 21:59:59+00:00
286861,journalism,32.0,amount,20000.0,successful,2023-06-05T16:15:27,2023-07-07T21:59:59,2023-06-05 16:15:27+00:00,2023-07-07 21:59:59+00:00,2023-07-07 21:59:59+00:00
286863,music,40.0,amount,200.0,successful,2023-05-31T12:39:54,2023-07-10T21:59:59,2023-05-31 12:39:54+00:00,2023-07-10 21:59:59+00:00,2023-07-10 21:59:59+00:00
286870,well-being-and-health,60.0,amount,2000.0,failed,2023-06-30T08:02:53,2023-08-29T21:59:59,2023-06-30 08:02:53+00:00,2023-08-29 21:59:59+00:00,2023-08-29 21:59:59+00:00
286962,web-and-tech,60.0,amount,250.0,failed,2023-05-30T08:34:44,2023-07-29T21:59:59,2023-05-30 08:34:44+00:00,2023-07-29 21:59:59+00:00,2023-07-29 21:59:59+00:00
286973,adventure-and-sport,35.0,amount,23000.0,failed,2023-06-22T21:00:20,2023-07-27T21:59:59,2023-06-22 21:00:20+00:00,2023-07-27 21:59:59+00:00,2023-07-27 21:59:59+00:00
287015,cityzenship-and-solidarity,30.0,amount,500.0,successful,2023-06-02T18:25:28,2023-07-02T21:59:59,2023-06-02 18:25:28+00:00,2023-07-02 21:59:59+00:00,2023-07-02 21:59:59+00:00
287039,film-and-video,40.0,amount,2500.0,successful,2023-06-15T21:07:33,2023-07-25T21:59:59,2023-06-15 21:07:33+00:00,2023-07-25 21:59:59+00:00,2023-07-25 21:59:59+00:00
287043,cityzenship-and-solidarity,35.0,amount,900.0,successful,2023-05-30T08:12:38,2023-07-04T21:59:59,2023-05-30 08:12:38+00:00,2023-07-04 21:59:59+00:00,2023-07-04 21:59:59+00:00
287081,design-and-innovation,35.0,amount,1500.0,successful,2023-06-14T07:01:30,2023-07-19T21:59:59,2023-06-14 07:01:30+00:00,2023-07-19 21:59:59+00:00,2023-07-19 21:59:59+00:00
287096,art,40.0,amount,2500.0,failed,2023-06-02T14:54:51,2023-07-12T21:59:59,2023-06-02 14:54:51+00:00,2023-07-12 21:59:59+00:00,2023-07-12 21:59:59+00:00
287109,live-performance,30.0,amount,6000.0,successful,2023-06-05T08:33:13,2023-07-05T21:59:59,2023-06-05 08:33:13+00:00,2023-07-05 21:59:59+00:00,2023-07-05 21:59:59+00:00
287114,music,60.0,amount,2000.0,failed,2023-05-31T12:51:12,2023-07-30T21:59:59,2023-05-31 12:51:12+00:00,2023-07-30 21:59:59+00:00,2023-07-30 21:59:59+00:00
287137,cityzenship-and-solidarity,45.0,amount,1200.0,successful,2023-06-12T16:54:28,2023-07-27T21:59:59,2023-06-12 16:54:28+00:00,2023-07-27 21:59:59+00:00,2023-07-27 21:59:59+00:00
287188,art,38.0,amount,12000.0,successful,2023-06-23T14:41:27,2023-07-31T21:59:59,2023-06-23 14:41:27+00:00,2023-07-31 21:59:59+00:00,2023-07-31 21:59:59+00:00
287200,live-performance,30.0,amount,6000.0,successful,2023-06-06T09:26:04,2023-07-06T21:59:59,2023-06-06 09:26:04+00:00,2023-07-06 21:59:59+00:00,2023-07-06 21:59:59+00:00
287225,food-and-agriculture,54.0,amount,3000.0,failed,2023-06-07T20:09:38,2023-07-31T21:59:59,2023-06-07 20:09:38+00:00,2023-07-31 21:59:59+00:00,2023-07-31 21:59:59+00:00
287244,art,30.0,amount,200.0,successful,2023-06-02T14:09:02,2023-07-02T21:59:59,2023-06-02 14:09:02+00:00,2023-07-02 21:59:59+00:00,2023-07-02 21:59:59+00:00
287281,film-and-video,35.0,amount,750.0,successful,2023-06-02T12:07:53,2023-07-07T21:59:59,2023-06-02 12:07:53+00:00,2023-07-07 21:59:59+00:00,2023-07-07 21:59:59+00:00
287287,games,30.0,amount,500.0,failed,2023-06-05T07:57:59,2023-07-05T21:59:59,2023-06-05 07:57:59+00:00,2023-07-05 21:59:59+00:00,2023-07-05 21:59:59+00:00
287324,art,40.0,amount,4570.0,failed,2023-06-02T13:16:26,2023-07-12T21:59:59,2023-06-02 13:16:26+00:00,2023-07-12 21:59:59+00:00,2023-07-12 21:59:59+00:00
287424,music,21.0,amount,3000.0,successful,2023-06-23T10:51:47,2023-07-14T21:59:59,2023-06-23 10:51:47+00:00,2023-07-14 21:59:59+00:00,2023-07-14 21:59:59+00:00
287504,journalism,34.0,amount,10000.0,successful,2023-06-20T10:03:51,2023-07-24T21:59:59,2023-06-20 10:03:51+00:00,2023-07-24 21:59:59+00:00,2023-07-24 21:59:59+00:00
287520,cityzenship-and-solidarity,60.0,amount,800.0,successful,2023-06-08T10:09:23,2023-08-07T21:59:59,2023-06-08 10:09:23+00:00,2023-08-07 21:59:59+00:00,2023-08-07 21:59:59+00:00
287577,art,60.0,amount,1500.0,failed,2023-06-13T22:52:10,2023-08-13T21:59:59,2023-06-13 22:52:10+00:00,2023-08-13 21:59:59+00:00,2023-08-13 21:59:59+00:00
287587,adventure-and-sport,40.0,amount,500.0,successful,2023-06-12T17:34:00,2023-07-22T21:59:59,2023-06-12 17:34:00+00:00,2023-07-22 21:59:59+00:00,2023-07-22 21:59:59+00:00
287606,craft,30.0,amount,800.0,successful,2023-06-12T14:57:15,2023-07-12T21:59:59,2023-06-12 14:57:15+00:00,2023-07-12 21:59:59+00:00,2023-07-12 21:59:59+00:00
287622,music,60.0,amount,2000.0,successful,2023-06-08T19:24:48,2023-08-07T21:59:59,2023-06-08 19:24:48+00:00,2023-08-07 21:59:59+00:00,2023-08-07 21:59:59+00:00
287628,music,45.0,amount,6500.0,successful,2023-06-16T22:01:33,2023-08-01T21:59:59,2023-06-16 22:01:33+00:00,2023-08-01 21:59:59+00:00,2023-08-01 21:59:59+00:00
287642,cityzenship-and-solidarity,40.0,amount,5000.0,failed,2023-06-08T10:43:54,2023-07-18T21:59:59,2023-06-08 10:43:54+00:00,2023-07-18 21:59:59+00:00,2023-07-18 21:59:59+00:00
287681,patrimony,35.0,amount,2000.0,failed,2023-06-08T14:35:18,2023-07-13T21:59:59,2023-06-08 14:35:18+00:00,2023-07-13 21:59:59+00:00,2023-07-13 21:59:59+00:00
287701,art,24.0,amount,600.0,successful,2023-06-13T21:52:54,2023-07-07T21:59:59,2023-06-13 21:52:54+00:00,2023-07-07 21:59:59+00:00,2023-07-07 21:59:59+00:00
287745,cityzenship-and-solidarity,35.0,amount,500.0,successful,2023-06-12T08:30:39,2023-07-17T21:59:59,2023-06-12 08:30:39+00:00,2023-07-17 21:59:59+00:00,2023-07-17 21:59:59+00:00
287776,patrimony,60.0,amount,15000.0,failed,2023-06-29T13:28:20,2023-08-28T21:59:59,2023-06-29 13:28:20+00:00,2023-08-28 21:59:59+00:00,2023-08-28 21:59:59+00:00
287837,cityzenship-and-solidarity,43.0,amount,1000.0,successful,2023-06-19T08:45:17,2023-08-01T21:59:59,2023-06-19 08:45:17+00:00,2023-08-01 21:59:59+00:00,2023-08-01 21:59:59+00:00
287900,art,30.0,amount,700.0,successful,2023-06-14T08:38:35,2023-07-14T21:59:59,2023-06-14 08:38:35+00:00,2023-07-14 21:59:59+00:00,2023-07-14 21:59:59+00:00
287924,music,30.0,amount,3500.0,successful,2023-06-19T08:29:10,2023-07-19T21:59:59,2023-06-19 08:29:10+00:00,2023-07-19 21:59:59+00:00,2023-07-19 21:59:59+00:00
287985,adventure-and-sport,60.0,amount,5000.0,failed,2023-06-15T11:06:06,2023-08-14T21:59:59,2023-06-15 11:06:06+00:00,2023-08-14 21:59:59+00:00,2023-08-14 21:59:59+00:00
288009,film-and-video,37.0,amount,11000.0,successful,2023-06-27T14:13:55,2023-08-03T21:59:59,2023-06-27 14:13:55+00:00,2023-08-03 21:59:59+00:00,2023-08-03 21:59:59+00:00
288034,art,35.0,amount,500.0,successful,2023-06-20T09:03:53,2023-07-25T21:59:59,2023-06-20 09:03:53+00:00,2023-07-25 21:59:59+00:00,2023-07-25 21:59:59+00:00
288123,patrimony,35.0,amount,3000.0,failed,2023-06-19T16:16:10,2023-07-24T21:59:59,2023-06-19 16:16:10+00:00,2023-07-24 21:59:59+00:00,2023-07-24 21:59:59+00:00
288251,adventure-and-sport,35.0,amount,2000.0,failed,2023-06-19T10:26:06,2023-07-24T21:59:59,2023-06-19 10:26:06+00:00,2023-07-24 21:59:59+00:00,2023-07-24 21:59:59+00:00
288271,cityzenship-and-solidarity,30.0,amount,1000.0,successful,2023-06-22T16:53:32,2023-07-22T21:59:59,2023-06-22 16:53:32+00:00,2023-07-22 21:59:59+00:00,2023-07-22 21:59:59+00:00
284272,film-and-video,40.0,amount,6000.0,failed,2023-06-16T17:39:45,2023-07-26T21:59:59,2023-06-16 17:39:45+00:00,2023-07-26 21:59:59+00:00,2023-07-26 21:59:59+00:00
284279,art,45.0,amount,4000.0,successful,2023-05-18T07:21:10,2023-07-02T21:59:59,2023-05-18 07:21:10+00:00,2023-07-02 21:59:59+00:00,2023-07-02 21:59:59+00:00
284364,cityzenship-and-solidarity,40.0,amount,1000.0,successful,2023-06-03T16:47:52,2023-07-13T21:59:59,2023-06-03 16:47:52+00:00,2023-07-13 21:59:59+00:00,2023-07-13 21:59:59+00:00
284403,music,55.0,amount,5555.0,successful,2023-05-07T11:09:07,2023-07-01T21:59:59,2023-05-07 11:09:07+00:00,2023-07-01 21:59:59+00:00,2023-07-01 21:59:59+00:00
284476,music,45.0,amount,5000.0,successful,2023-05-24T14:31:51,2023-07-08T21:59:59,2023-05-24 14:31:51+00:00,2023-07-08 21:59:59+00:00,2023-07-08 21:59:59+00:00
284571,cityzenship-and-solidarity,60.0,amount,2000.0,successful,2023-05-03T17:53:42,2023-07-02T21:59:59,2023-05-03 17:53:42+00:00,2023-07-02 21:59:59+00:00,2023-07-02 21:59:59+00:00
284607,film-and-video,30.0,amount,500.0,successful,2023-06-29T15:41:38,2023-07-29T21:59:59,2023-06-29 15:41:38+00:00,2023-07-29 21:59:59+00:00,2023-07-29 21:59:59+00:00
284727,cityzenship-and-solidarity,60.0,amount,1000.0,successful,2023-05-12T09:18:31,2023-07-11T21:59:59,2023-05-12 09:18:31+00:00,2023-07-11 21:59:59+00:00,2023-07-11 21:59:59+00:00
284770,craft,40.0,amount,4000.0,successful,2023-06-05T07:49:06,2023-07-15T21:59:59,2023-06-05 07:49:06+00:00,2023-07-15 21:59:59+00:00,2023-07-15 21:59:59+00:00
284798,food-and-agriculture,35.0,amount,6000.0,failed,2023-05-30T10:07:28,2023-07-04T21:59:59,2023-05-30 10:07:28+00:00,2023-07-04 21:59:59+00:00,2023-07-04 21:59:59+00:00
284857,music,60.0,amount,5000.0,successful,2023-05-17T10:07:47,2023-07-16T21:59:59,2023-05-17 10:07:47+00:00,2023-07-16 21:59:59+00:00,2023-07-16 21:59:59+00:00
284933,music,55.0,amount,5000.0,successful,2023-05-11T12:59:44,2023-07-05T21:59:59,2023-05-11 12:59:44+00:00,2023-07-05 21:59:59+00:00,2023-07-05 21:59:59+00:00
284937,art,60.0,amount,2200.0,successful,2023-05-04T18:18:06,2023-07-03T21:59:59,2023-05-04 18:18:06+00:00,2023-07-03 21:59:59+00:00,2023-07-03 21:59:59+00:00
285039,music,57.0,amount,2000.0,successful,2023-05-05T15:00:20,2023-07-01T21:59:59,2023-05-05 15:00:20+00:00,2023-07-01 21:59:59+00:00,2023-07-01 21:59:59+00:00
285043,music,60.0,amount,8000.0,successful,2023-05-28T15:46:43,2023-07-27T21:59:59,2023-05-28 15:46:43+00:00,2023-07-27 21:59:59+00:00,2023-07-27 21:59:59+00:00
285052,craft,133.0,amount,1300.0,successful,2023-06-03T07:05:32,2023-10-14T21:59:59,2023-06-03 07:05:32+00:00,2023-10-14 21:59:59+00:00,2023-10-14 21:59:59+00:00
285091,music,40.0,amount,2900.0,successful,2023-06-30T08:28:45,2023-08-09T21:59:59,2023-06-30 08:28:45+00:00,2023-08-09 21:59:59+00:00,2023-08-09 21:59:59+00:00
285200,cartoon,45.0,amount,300.0,successful,2023-06-04T06:30:57,2023-07-19T21:59:59,2023-06-04 06:30:57+00:00,2023-07-19 21:59:59+00:00,2023-07-19 21:59:59+00:00
285253,food-and-agriculture,142.0,amount,8000.0,successful,2023-05-11T13:38:20,2023-09-30T21:59:59,2023-05-11 13:38:20+00:00,2023-09-30 21:59:59+00:00,2023-09-30 21:59:59+00:00
285260,design-and-innovation,35.0,amount,6000.0,successful,2023-06-14T14:35:39,2023-07-19T21:59:59,2023-06-14 14:35:39+00:00,2023-07-19 21:59:59+00:00,2023-07-19 21:59:59+00:00
285271,food-and-agriculture,35.0,amount,5000.0,failed,2023-06-20T07:58:20,2023-07-25T21:59:59,2023-06-20 07:58:20+00:00,2023-07-25 21:59:59+00:00,2023-07-25 21:59:59+00:00
285289,music,33.0,amount,2000.0,successful,2023-06-14T10:38:40,2023-07-17T21:59:59,2023-06-14 10:38:40+00:00,2023-07-17 21:59:59+00:00,2023-07-17 21:59:59+00:00
285362,cartoon,39.0,amount,6800.0,successful,2023-05-26T06:16:17,2023-07-04T21:59:59,2023-05-26 06:16:17+00:00,2023-07-04 21:59:59+00:00,2023-07-04 21:59:59+00:00
285365,food-and-agriculture,45.0,amount,2000.0,successful,2023-06-03T14:35:04,2023-07-18T21:59:59,2023-06-03 14:35:04+00:00,2023-07-18 21:59:59+00:00,2023-07-18 21:59:59+00:00
285384,book-and-publishing,40.0,amount,3600.0,successful,2023-05-22T10:00:03,2023-07-01T21:59:59,2023-05-22 10:00:03+00:00,2023-07-01 21:59:59+00:00,2023-07-01 21:59:59+00:00
285428,film-and-video,40.0,amount,1500.0,failed,2023-06-01T09:34:52,2023-07-11T21:59:59,2023-06-01 09:34:52+00:00,2023-07-11 21:59:59+00:00,2023-07-11 21:59:59+00:00
285479,craft,66.0,amount,5000.0,successful,2023-06-02T14:45:42,2023-08-07T21:59:59,2023-06-02 14:45:42+00:00,2023-08-07 21:59:59+00:00,2023-08-07 21:59:59+00:00
285508,film-and-video,50.0,amount,28000.0,failed,2023-05-12T12:20:56,2023-07-01T21:59:59,2023-05-12 12:20:56+00:00,2023-07-01 21:59:59+00:00,2023-07-01 21:59:59+00:00
285546,food-and-agriculture,40.0,amount,20000.0,successful,2023-06-13T19:05:27,2023-07-23T21:59:59,2023-06-13 19:05:27+00:00,2023-07-23 21:59:59+00:00,2023-07-23 21:59:59+00:00
285745,web-and-tech,40.0,amount,15000.0,failed,2023-05-31T08:58:29,2023-07-10T21:59:59,2023-05-31 08:58:29+00:00,2023-07-10 21:59:59+00:00,2023-07-10 21:59:59+00:00
285748,well-being-and-health,45.0,amount,3000.0,successful,2023-05-31T10:50:10,2023-07-15T21:59:59,2023-05-31 10:50:10+00:00,2023-07-15 21:59:59+00:00,2023-07-15 21:59:59+00:00
288407,music,60.0,amount,3300.0,successful,2023-06-22T16:55:04,2023-08-21T21:59:59,2023-06-22 16:55:04+00:00,2023-08-21 21:59:59+00:00,2023-08-21 21:59:59+00:00
288600,live-performance,15.0,amount,2000.0,successful,2023-06-30T23:08:32,2023-07-16T21:59:59,2023-06-30 23:08:32+00:00,2023-07-16 21:59:59+00:00,2023-07-16 21:59:59+00:00
288624,cityzenship-and-solidarity,40.0,amount,2000.0,successful,2023-06-28T22:42:31,2023-08-08T21:59:59,2023-06-28 22:42:31+00:00,2023-08-08 21:59:59+00:00,2023-08-08 21:59:59+00:00
288731,music,60.0,amount,1000.0,failed,2023-06-28T14:23:08,2023-08-27T21:59:59,2023-06-28 14:23:08+00:00,2023-08-27 21:59:59+00:00,2023-08-27 21:59:59+00:00
288873,film-and-video,35.0,amount,500.0,successful,2023-06-30T08:18:21,2023-08-04T21:59:59,2023-06-30 08:18:21+00:00,2023-08-04 21:59:59+00:00,2023-08-04 21:59:59+00:00
288990,journalism,35.0,amount,800.0,successful,2023-06-30T12:06:34,2023-08-04T21:59:59,2023-06-30 12:06:34+00:00,2023-08-04 21:59:59+00:00,2023-08-04 21:59:59+00:00
285851,design-and-innovation,43.0,amount,8000.0,successful,2023-06-15T01:02:41,2023-07-28T21:59:59,2023-06-15 01:02:41+00:00,2023-07-28 21:59:59+00:00,2023-07-28 21:59:59+00:00
285859,book-and-publishing,40.0,amount,3000.0,successful,2023-06-28T13:43:38,2023-08-07T21:59:59,2023-06-28 13:43:38+00:00,2023-08-07 21:59:59+00:00,2023-08-07 21:59:59+00:00
285876,music,45.0,amount,8000.0,successful,2023-05-31T11:01:02,2023-07-15T21:59:59,2023-05-31 11:01:02+00:00,2023-07-15 21:59:59+00:00,2023-07-15 21:59:59+00:00
285892,art,40.0,amount,3000.0,failed,2023-06-18T15:14:23,2023-07-28T21:59:59,2023-06-18 15:14:23+00:00,2023-07-28 21:59:59+00:00,2023-07-28 21:59:59+00:00
285896,web-and-tech,60.0,amount,5000.0,failed,2023-05-12T17:05:21,2023-07-11T21:59:59,2023-05-12 17:05:21+00:00,2023-07-11 21:59:59+00:00,2023-07-11 21:59:59+00:00
285936,cityzenship-and-solidarity,40.0,amount,8000.0,failed,2023-05-30T11:22:33,2023-07-09T21:59:59,2023-05-30 11:22:33+00:00,2023-07-09 21:59:59+00:00,2023-07-09 21:59:59+00:00
285959,food-and-agriculture,78.0,amount,10000.0,successful,2023-05-14T17:24:40,2023-07-31T21:59:59,2023-05-14 17:24:40+00:00,2023-07-31 21:59:59+00:00,2023-07-31 21:59:59+00:00
285965,craft,45.0,amount,3000.0,successful,2023-06-06T14:57:15,2023-07-21T21:59:59,2023-06-06 14:57:15+00:00,2023-07-21 21:59:59+00:00,2023-07-21 21:59:59+00:00
286122,craft,35.0,amount,9000.0,successful,2023-06-30T05:59:43,2023-08-04T21:59:59,2023-06-30 05:59:43+00:00,2023-08-04 21:59:59+00:00,2023-08-04 21:59:59+00:00
286151,design-and-innovation,35.0,amount,300.0,successful,2023-06-18T17:23:24,2023-07-23T21:59:59,2023-06-18 17:23:24+00:00,2023-07-23 21:59:59+00:00,2023-07-23 21:59:59+00:00
286241,craft,41.0,amount,10000.0,successful,2023-05-25T10:02:20,2023-07-05T21:59:59,2023-05-25 10:02:20+00:00,2023-07-05 21:59:59+00:00,2023-07-05 21:59:59+00:00
286263,patrimony,40.0,amount,2000.0,successful,2023-06-14T17:19:27,2023-07-24T21:59:59,2023-06-14 17:19:27+00:00,2023-07-24 21:59:59+00:00,2023-07-24 21:59:59+00:00
286322,food-and-agriculture,60.0,amount,6000.0,successful,2023-05-26T15:29:32,2023-07-25T21:59:59,2023-05-26 15:29:32+00:00,2023-07-25 21:59:59+00:00,2023-07-25 21:59:59+00:00
286330,film-and-video,94.0,amount,20000.0,failed,2023-06-28T09:50:44,2023-09-30T21:59:59,2023-06-28 09:50:44+00:00,2023-09-30 21:59:59+00:00,2023-09-30 21:59:59+00:00
286341,film-and-video,30.0,amount,1100.0,successful,2023-06-07T17:49:29,2023-07-07T21:59:59,2023-06-07 17:49:29+00:00,2023-07-07 21:59:59+00:00,2023-07-07 21:59:59+00:00
286410,music,60.0,amount,5000.0,successful,2023-05-21T21:53:47,2023-07-20T21:59:59,2023-05-21 21:53:47+00:00,2023-07-20 21:59:59+00:00,2023-07-20 21:59:59+00:00
286411,adventure-and-sport,30.0,amount,1000.0,successful,2023-06-19T16:39:38,2023-07-19T21:59:59,2023-06-19 16:39:38+00:00,2023-07-19 21:59:59+00:00,2023-07-19 21:59:59+00:00
286500,design-and-innovation,44.0,amount,3500.0,failed,2023-06-13T13:03:54,2023-07-27T21:59:59,2023-06-13 13:03:54+00:00,2023-07-27 21:59:59+00:00,2023-07-27 21:59:59+00:00
286508,live-performance,140.0,amount,14000.0,successful,2023-06-12T10:00:43,2023-10-30T22:59:59,2023-06-12 10:00:43+00:00,2023-10-30 22:59:59+00:00,2023-10-30 22:59:59+00:00
286518,film-and-video,39.0,amount,7000.0,successful,2023-06-04T22:31:19,2023-07-14T21:59:59,2023-06-04 22:31:19+00:00,2023-07-14 21:59:59+00:00,2023-07-14 21:59:59+00:00
286533,craft,50.0,amount,4000.0,failed,2023-05-31T08:26:19,2023-07-20T21:59:59,2023-05-31 08:26:19+00:00,2023-07-20 21:59:59+00:00,2023-07-20 21:59:59+00:00
286555,film-and-video,35.0,amount,2700.0,failed,2023-06-09T15:00:23,2023-07-14T21:59:59,2023-06-09 15:00:23+00:00,2023-07-14 21:59:59+00:00,2023-07-14 21:59:59+00:00
286558,adventure-and-sport,60.0,amount,2000.0,failed,2023-05-30T08:37:45,2023-07-29T21:59:59,2023-05-30 08:37:45+00:00,2023-07-29 21:59:59+00:00,2023-07-29 21:59:59+00:00
286572,music,35.0,amount,1500.0,successful,2023-06-01T15:15:19,2023-07-06T21:59:59,2023-06-01 15:15:19+00:00,2023-07-06 21:59:59+00:00,2023-07-06 21:59:59+00:00
286576,music,60.0,amount,5000.0,failed,2023-05-30T15:11:21,2023-07-29T21:59:59,2023-05-30 15:11:21+00:00,2023-07-29 21:59:59+00:00,2023-07-29 21:59:59+00:00
286586,film-and-video,42.0,amount,20000.0,successful,2023-06-09T06:08:19,2023-07-21T21:59:59,2023-06-09 06:08:19+00:00,2023-07-21 21:59:59+00:00,2023-07-21 21:59:59+00:00
286657,food-and-agriculture,32.0,amount,5000.0,failed,2023-06-01T06:11:41,2023-07-03T21:59:59,2023-06-01 06:11:41+00:00,2023-07-03 21:59:59+00:00,2023-07-03 21:59:59+00:00
286684,food-and-agriculture,40.0,amount,2500.0,successful,2023-05-26T11:16:09,2023-07-05T21:59:59,2023-05-26 11:16:09+00:00,2023-07-05 21:59:59+00:00,2023-07-05 21:59:59+00:00
286744,cartoon,145.0,amount,12000.0,successful,2023-06-29T10:02:12,2023-11-21T22:59:59,2023-06-29 10:02:12+00:00,2023-11-21 22:59:59+00:00,2023-11-21 22:59:59+00:00
286751,food-and-agriculture,45.0,amount,10000.0,successful,2023-06-09T12:38:27,2023-07-24T21:59:59,2023-06-09 12:38:27+00:00,2023-07-24 21:59:59+00:00,2023-07-24 21:59:59+00:00
286778,food-and-agriculture,45.0,amount,3000.0,successful,2023-06-08T06:46:51,2023-07-23T21:59:59,2023-06-08 06:46:51+00:00,2023-07-23 21:59:59+00:00,2023-07-23 21:59:59+00:00
286818,art,60.0,amount,1500.0,failed,2023-05-25T15:27:11,2023-07-24T21:59:59,2023-05-25 15:27:11+00:00,2023-07-24 21:59:59+00:00,2023-07-24 21:59:59+00:00
286819,food-and-agriculture,35.0,amount,15000.0,failed,2023-06-08T15:23:39,2023-07-13T21:59:59,2023-06-08 15:23:39+00:00,2023-07-13 21:59:59+00:00,2023-07-13 21:59:59+00:00
286837,music,30.0,amount,3000.0,successful,2023-06-06T15:55:20,2023-07-06T21:59:59,2023-06-06 15:55:20+00:00,2023-07-06 21:59:59+00:00,2023-07-06 21:59:59+00:00
286847,well-being-and-health,35.0,amount,5000.0,failed,2023-06-01T08:39:25,2023-07-06T21:59:59,2023-06-01 08:39:25+00:00,2023-07-06 21:59:59+00:00,2023-07-06 21:59:59+00:00
286854,design-and-innovation,35.0,amount,500.0,successful,2023-06-08T18:11:16,2023-07-13T21:59:59,2023-06-08 18:11:16+00:00,2023-07-13 21:59:59+00:00,2023-07-13 21:59:59+00:00
286865,music,35.0,amount,4000.0,successful,2023-06-10T12:20:52,2023-07-15T21:59:59,2023-06-10 12:20:52+00:00,2023-07-15 21:59:59+00:00,2023-07-15 21:59:59+00:00
286869,cityzenship-and-solidarity,40.0,amount,4000.0,failed,2023-06-11T16:57:31,2023-07-21T21:59:59,2023-06-11 16:57:31+00:00,2023-07-21 21:59:59+00:00,2023-07-21 21:59:59+00:00
286994,art,55.0,amount,4500.0,successful,2023-06-27T18:51:33,2023-08-21T21:59:59,2023-06-27 18:51:33+00:00,2023-08-21 21:59:59+00:00,2023-08-21 21:59:59+00:00
287033,cityzenship-and-solidarity,60.0,amount,3800.0,successful,2023-06-11T09:00:27,2023-08-10T21:59:59,2023-06-11 09:00:27+00:00,2023-08-10 21:59:59+00:00,2023-08-10 21:59:59+00:00
287065,cartoon,35.0,amount,4500.0,failed,2023-06-02T13:40:44,2023-07-07T21:59:59,2023-06-02 13:40:44+00:00,2023-07-07 21:59:59+00:00,2023-07-07 21:59:59+00:00
287068,music,35.0,amount,1200.0,successful,2023-06-04T12:18:04,2023-07-09T21:59:59,2023-06-04 12:18:04+00:00,2023-07-09 21:59:59+00:00,2023-07-09 21:59:59+00:00
287075,well-being-and-health,40.0,amount,2500.0,successful,2023-06-01T16:02:53,2023-07-11T21:59:59,2023-06-01 16:02:53+00:00,2023-07-11 21:59:59+00:00,2023-07-11 21:59:59+00:00
287116,cityzenship-and-solidarity,35.0,amount,3000.0,successful,2023-06-01T10:12:30,2023-07-06T21:59:59,2023-06-01 10:12:30+00:00,2023-07-06 21:59:59+00:00,2023-07-06 21:59:59+00:00
287147,cityzenship-and-solidarity,60.0,amount,500.0,failed,2023-06-09T08:08:55,2023-08-08T21:59:59,2023-06-09 08:08:55+00:00,2023-08-08 21:59:59+00:00,2023-08-08 21:59:59+00:00
287151,art,30.0,amount,1500.0,successful,2023-06-13T07:59:15,2023-07-13T21:59:59,2023-06-13 07:59:15+00:00,2023-07-13 21:59:59+00:00,2023-07-13 21:59:59+00:00
287153,craft,40.0,amount,8000.0,successful,2023-06-15T12:49:40,2023-07-25T21:59:59,2023-06-15 12:49:40+00:00,2023-07-25 21:59:59+00:00,2023-07-25 21:59:59+00:00
287158,adventure-and-sport,60.0,amount,2300.0,failed,2023-06-07T08:58:40,2023-08-06T21:59:59,2023-06-07 08:58:40+00:00,2023-08-06 21:59:59+00:00,2023-08-06 21:59:59+00:00
287171,cityzenship-and-solidarity,30.0,amount,1000.0,successful,2023-06-27T08:08:12,2023-07-27T21:59:59,2023-06-27 08:08:12+00:00,2023-07-27 21:59:59+00:00,2023-07-27 21:59:59+00:00
287201,art,30.0,amount,250.0,failed,2023-06-01T16:39:23,2023-07-01T21:59:59,2023-06-01 16:39:23+00:00,2023-07-01 21:59:59+00:00,2023-07-01 21:59:59+00:00
287206,music,60.0,amount,3000.0,successful,2023-06-03T14:51:01,2023-08-02T21:59:59,2023-06-03 14:51:01+00:00,2023-08-02 21:59:59+00:00,2023-08-02 21:59:59+00:00
287232,art,30.0,amount,1500.0,successful,2023-06-05T08:57:20,2023-07-05T21:59:59,2023-06-05 08:57:20+00:00,2023-07-05 21:59:59+00:00,2023-07-05 21:59:59+00:00
287278,well-being-and-health,52.0,amount,7500.0,successful,2023-06-15T19:38:58,2023-08-06T21:59:59,2023-06-15 19:38:58+00:00,2023-08-06 21:59:59+00:00,2023-08-06 21:59:59+00:00
287308,art,40.0,amount,400.0,successful,2023-06-06T08:20:42,2023-07-16T21:59:59,2023-06-06 08:20:42+00:00,2023-07-16 21:59:59+00:00,2023-07-16 21:59:59+00:00
287318,craft,34.0,amount,2250.0,successful,2023-06-16T13:17:13,2023-07-20T21:59:59,2023-06-16 13:17:13+00:00,2023-07-20 21:59:59+00:00,2023-07-20 21:59:59+00:00
287321,cityzenship-and-solidarity,35.0,amount,5000.0,successful,2023-06-03T16:24:59,2023-07-08T21:59:59,2023-06-03 16:24:59+00:00,2023-07-08 21:59:59+00:00,2023-07-08 21:59:59+00:00
287376,cityzenship-and-solidarity,60.0,amount,1200.0,successful,2023-06-05T09:51:09,2023-08-04T21:59:59,2023-06-05 09:51:09+00:00,2023-08-04 21:59:59+00:00,2023-08-04 21:59:59+00:00
287395,film-and-video,31.0,amount,200.0,successful,2023-06-14T19:47:47,2023-07-15T21:59:59,2023-06-14 19:47:47+00:00,2023-07-15 21:59:59+00:00,2023-07-15 21:59:59+00:00
287399,art,40.0,amount,300.0,successful,2023-06-07T13:46:37,2023-07-17T21:59:59,2023-06-07 13:46:37+00:00,2023-07-17 21:59:59+00:00,2023-07-17 21:59:59+00:00
287402,film-and-video,40.0,amount,2500.0,failed,2023-06-12T08:45:08,2023-07-22T21:59:59,2023-06-12 08:45:08+00:00,2023-07-22 21:59:59+00:00,2023-07-22 21:59:59+00:00
287423,adventure-and-sport,40.0,amount,750.0,successful,2023-06-06T15:43:53,2023-07-16T21:59:59,2023-06-06 15:43:53+00:00,2023-07-16 21:59:59+00:00,2023-07-16 21:59:59+00:00
287431,cityzenship-and-solidarity,60.0,amount,1500.0,successful,2023-06-09T05:50:14,2023-08-08T21:59:59,2023-06-09 05:50:14+00:00,2023-08-08 21:59:59+00:00,2023-08-08 21:59:59+00:00
287446,cartoon,35.0,amount,1000.0,failed,2023-06-05T10:05:15,2023-07-10T21:59:59,2023-06-05 10:05:15+00:00,2023-07-10 21:59:59+00:00,2023-07-10 21:59:59+00:00
287457,cityzenship-and-solidarity,60.0,amount,400.0,successful,2023-06-06T07:30:41,2023-08-05T21:59:59,2023-06-06 07:30:41+00:00,2023-08-05 21:59:59+00:00,2023-08-05 21:59:59+00:00
287460,food-and-agriculture,40.0,amount,6000.0,successful,2023-06-16T20:41:04,2023-07-26T21:59:59,2023-06-16 20:41:04+00:00,2023-07-26 21:59:59+00:00,2023-07-26 21:59:59+00:00
287461,music,60.0,amount,12000.0,failed,2023-06-08T14:02:22,2023-08-07T21:59:59,2023-06-08 14:02:22+00:00,2023-08-07 21:59:59+00:00,2023-08-07 21:59:59+00:00
287500,music,40.0,amount,600.0,successful,2023-06-26T07:34:45,2023-08-05T21:59:59,2023-06-26 07:34:45+00:00,2023-08-05 21:59:59+00:00,2023-08-05 21:59:59+00:00
287524,music,32.0,amount,3000.0,successful,2023-06-12T17:22:31,2023-07-14T21:59:59,2023-06-12 17:22:31+00:00,2023-07-14 21:59:59+00:00,2023-07-14 21:59:59+00:00
287545,film-and-video,40.0,amount,1750.0,successful,2023-06-26T07:40:26,2023-08-05T21:59:59,2023-06-26 07:40:26+00:00,2023-08-05 21:59:59+00:00,2023-08-05 21:59:59+00:00
287565,craft,60.0,amount,7000.0,failed,2023-06-12T07:12:22,2023-08-11T21:59:59,2023-06-12 07:12:22+00:00,2023-08-11 21:59:59+00:00,2023-08-11 21:59:59+00:00
287624,music,60.0,amount,1000.0,successful,2023-06-26T14:21:55,2023-08-25T21:59:59,2023-06-26 14:21:55+00:00,2023-08-25 21:59:59+00:00,2023-08-25 21:59:59+00:00
287664,music,60.0,amount,10000.0,failed,2023-06-29T09:40:49,2023-08-28T21:59:59,2023-06-29 09:40:49+00:00,2023-08-28 21:59:59+00:00,2023-08-28 21:59:59+00:00
287691,cityzenship-and-solidarity,60.0,amount,4000.0,failed,2023-06-13T09:17:52,2023-08-12T21:59:59,2023-06-13 09:17:52+00:00,2023-08-12 21:59:59+00:00,2023-08-12 21:59:59+00:00
287693,food-and-agriculture,35.0,amount,6000.0,failed,2023-06-16T14:09:28,2023-07-21T21:59:59,2023-06-16 14:09:28+00:00,2023-07-21 21:59:59+00:00,2023-07-21 21:59:59+00:00
287696,music,60.0,amount,2500.0,successful,2023-06-20T12:53:21,2023-08-19T21:59:59,2023-06-20 12:53:21+00:00,2023-08-19 21:59:59+00:00,2023-08-19 21:59:59+00:00
287705,web-and-tech,49.0,amount,5000.0,successful,2023-06-18T18:05:33,2023-08-06T21:59:59,2023-06-18 18:05:33+00:00,2023-08-06 21:59:59+00:00,2023-08-06 21:59:59+00:00
287731,cityzenship-and-solidarity,60.0,amount,2000.0,failed,2023-06-14T16:28:54,2023-08-13T21:59:59,2023-06-14 16:28:54+00:00,2023-08-13 21:59:59+00:00,2023-08-13 21:59:59+00:00
287783,food-and-agriculture,35.0,amount,10000.0,failed,2023-06-22T15:20:02,2023-07-27T21:59:59,2023-06-22 15:20:02+00:00,2023-07-27 21:59:59+00:00,2023-07-27 21:59:59+00:00
287839,food-and-agriculture,223.0,amount,12000.0,successful,2023-06-26T05:16:10,2024-02-04T22:59:59,2023-06-26 05:16:10+00:00,2024-02-04 22:59:59+00:00,2024-02-04 22:59:59+00:00
287848,music,30.0,amount,1500.0,successful,2023-06-14T16:49:52,2023-07-14T21:59:59,2023-06-14 16:49:52+00:00,2023-07-14 21:59:59+00:00,2023-07-14 21:59:59+00:00
287885,adventure-and-sport,32.0,amount,1000.0,successful,2023-06-13T12:23:01,2023-07-15T21:59:59,2023-06-13 12:23:01+00:00,2023-07-15 21:59:59+00:00,2023-07-15 21:59:59+00:00
287915,film-and-video,40.0,amount,1650.0,successful,2023-06-14T12:24:40,2023-07-24T21:59:59,2023-06-14 12:24:40+00:00,2023-07-24 21:59:59+00:00,2023-07-24 21:59:59+00:00
287921,patrimony,60.0,amount,1000.0,successful,2023-06-29T08:34:26,2023-08-28T21:59:59,2023-06-29 08:34:26+00:00,2023-08-28 21:59:59+00:00,2023-08-28 21:59:59+00:00
287952,book-and-publishing,25.0,amount,1500.0,successful,2023-06-22T08:52:38,2023-07-17T21:59:59,2023-06-22 08:52:38+00:00,2023-07-17 21:59:59+00:00,2023-07-17 21:59:59+00:00
287997,music,60.0,amount,10000.0,successful,2023-06-23T12:35:50,2023-08-22T21:59:59,2023-06-23 12:35:50+00:00,2023-08-22 21:59:59+00:00,2023-08-22 21:59:59+00:00
288122,design-and-innovation,35.0,amount,35000.0,failed,2023-06-26T18:30:54,2023-07-31T21:59:59,2023-06-26 18:30:54+00:00,2023-07-31 21:59:59+00:00,2023-07-31 21:59:59+00:00
288146,live-performance,40.0,amount,4000.0,failed,2023-06-21T07:14:50,2023-07-31T21:59:59,2023-06-21 07:14:50+00:00,2023-07-31 21:59:59+00:00,2023-07-31 21:59:59+00:00
288192,food-and-agriculture,60.0,amount,5000.0,failed,2023-06-19T11:36:51,2023-08-18T21:59:59,2023-06-19 11:36:51+00:00,2023-08-18 21:59:59+00:00,2023-08-18 21:59:59+00:00
288291,film-and-video,27.0,amount,1000.0,successful,2023-06-25T06:20:58,2023-07-22T21:59:59,2023-06-25 06:20:58+00:00,2023-07-22 21:59:59+00:00,2023-07-22 21:59:59+00:00
288330,adventure-and-sport,40.0,amount,8000.0,failed,2023-06-20T15:16:52,2023-07-30T21:59:59,2023-06-20 15:16:52+00:00,2023-07-30 21:59:59+00:00,2023-07-30 21:59:59+00:00
288349,cityzenship-and-solidarity,60.0,amount,2000.0,failed,2023-06-19T20:53:50,2023-08-18T21:59:59,2023-06-19 20:53:50+00:00,2023-08-18 21:59:59+00:00,2023-08-18 21:59:59+00:00
288363,cityzenship-and-solidarity,60.0,amount,400.0,successful,2023-06-20T15:22:41,2023-08-19T21:59:59,2023-06-20 15:22:41+00:00,2023-08-19 21:59:59+00:00,2023-08-19 21:59:59+00:00
288394,art,35.0,amount,5000.0,successful,2023-06-26T07:29:46,2023-07-31T21:59:59,2023-06-26 07:29:46+00:00,2023-07-31 21:59:59+00:00,2023-07-31 21:59:59+00:00
288400,cartoon,35.0,amount,1000.0,successful,2023-06-23T10:27:10,2023-07-28T21:59:59,2023-06-23 10:27:10+00:00,2023-07-28 21:59:59+00:00,2023-07-28 21:59:59+00:00
288501,live-performance,56.0,amount,630.0,successful,2023-06-25T21:51:18,2023-08-20T21:59:59,2023-06-25 21:51:18+00:00,2023-08-20 21:59:59+00:00,2023-08-20 21:59:59+00:00
288654,food-and-agriculture,35.0,amount,12000.0,failed,2023-06-28T14:26:17,2023-08-02T21:59:59,2023-06-28 14:26:17+00:00,2023-08-02 21:59:59+00:00,2023-08-02 21:59:59+00:00
288697,food-and-agriculture,35.0,amount,5000.0,failed,2023-06-29T08:14:58,2023-08-03T21:59:59,2023-06-29 08:14:58+00:00,2023-08-03 21:59:59+00:00,2023-08-03 21:59:59+00:00
288754,cityzenship-and-solidarity,40.0,amount,1000.0,failed,2023-06-28T12:37:54,2023-08-07T21:59:59,2023-06-28 12:37:54+00:00,2023-08-07 21:59:59+00:00,2023-08-07 21:59:59+00:00
288772,film-and-video,19.0,amount,1500.0,successful,2023-06-29T14:08:33,2023-07-18T21:59:59,2023-06-29 14:08:33+00:00,2023-07-18 21:59:59+00:00,2023-07-18 21:59:59+00:00
288779,music,53.0,amount,1300.0,failed,2023-06-30T11:00:40,2023-08-22T21:59:59,2023-06-30 11:00:40+00:00,2023-08-22 21:59:59+00:00,2023-08-22 21:59:59+00:00
